ORF,Name,Allele,StrainID,Plate,Row,Column,Time,Num_cells,Num_wells,Penetrance,P-value
YOR212W,STE4,ste4,tsa195,1,2,5,6,738,1,47.15447154471545,9.2148511043888e-12
YGR185C,TYS1,tys1-1,tsa290,1,2,4,6,1591,1,40.41483343808925,3.7311598255485023e-11
YKR002W,PAP1,pap1-1,tsa194,1,2,3,6,1314,1,36.986301369863014,3.6736169661821805e-11
YER012W,PRE1,pre1-1,tsa289,1,2,2,6,1649,1,35.657974530018194,3.066780163152316e-11
YOR202W,HIS3,his3,tsa1,1,1,1,6,31110,25,14.5676631308261,0.0
